Exam Date,Roll No.,Phy,Chem,Bot,Zoo,Total,%,Rank
2/7/2017,12201,176,151,180,156,663,92.60,1
2/7/2017,13427,142,142,162,160,606,87.07,2
2/7/2017,13247,139,137,171,160,607,84.78,3
2/7/2017,13083,159,142,146,160,607,84.78,4
2/7/2017,12703,145,141,154,157,597,83.38,5
2/7/2017,13431,123,146,150,160,579,83.19,6
2/7/2017,13316,151,146,125,165,587,81.98,7
2/7/2017,13070,133,131,156,165,585,81.70,8
2/7/2017,12205,127,140,170,147,584,81.56,9
2/7/2017,13030,136,141,160,145,582,81.28,10
2/7/2017,13295,125,126,160,165,576,80.45,11
2/7/2017,12204,137,121,162,156,576,80.45,12
2/7/2017,13114,130,146,148,151,575,80.31,13
2/7/2017,13434,123,136,146,150,555,79.74,14
2/7/2017,13312,122,133,165,150,570,79.61,15
2/7/2017,13513,119,131,156,147,553,79.45,16
2/7/2017,13048,134,144,146,143,567,79.19,17
2/7/2017,13081,151,152,147,117,567,79.19,18
2/7/2017,13014,130,137,129,170,566,79.05,19
2/7/2017,13454,100,129,161,160,550,79.02,20
2/7/2017,12202,141,143,136,145,565,78.91,21
2/7/2017,13418,102,141,156,150,549,78.88,22
2/7/2017,12208,127,152,130,155,564,78.77,23
2/7/2017,13265,135,147,136,146,564,78.77,24
2/7/2017,12209,130,126,167,141,564,78.77,25
2/7/2017,13027,112,142,157,150,561,78.35,26
2/7/2017,14005,148,113,150,150,561,78.35,27
2/7/2017,13239,122,124,148,165,559,78.07,28
2/7/2017,13659,141,131,132,155,559,78.07,29
2/7/2017,13105,117,133,135,165,550,76.82,30
2/7/2017,13092,132,132,138,147,549,76.68,31
2/7/2017,13432,123,122,155,130,530,76.15,32
2/7/2017,13217,127,106,160,150,543,75.84,33
2/7/2017,13523,89,112,150,175,526,75.57,34
2/7/2017,13090,109,123,156,151,539,75.28,35
2/7/2017,12702,112,137,150,140,539,75.28,36
2/7/2017,13028,117,132,135,150,534,74.58,37
2/7/2017,12701,138,147,118,131,534,74.58,38
2/7/2017,13274,122,127,133,150,532,74.30,39
2/7/2017,13094,138,121,126,145,530,74.02,40
2/7/2017,13444,87,137,151,140,515,73.99,41
2/7/2017,13298,131,99,152,145,527,73.60,42
2/7/2017,13074,113,108,151,150,522,72.91,43
2/7/2017,13259,124,141,132,125,522,72.91,44
2/7/2017,13311,114,104,140,160,518,72.35,45
2/7/2017,13457,111,126,140,126,503,72.27,46
2/7/2017,13403,100,113,142,147,502,72.13,47
2/7/2017,13084,63,143,160,150,516,72.07,48
2/7/2017,12707,153,106,124,133,516,72.07,49
2/7/2017,12157,117,132,137,130,516,72.07,50
2/7/2017,13290,137,77,140,160,514,71.79,51
2/7/2017,13289,85,118,166,145,514,71.79,52
2/7/2017,13451,84,118,150,145,497,71.41,53
2/7/2017,13402,49,117,165,165,496,71.26,54
2/7/2017,13505,72,112,157,155,496,71.26,55
2/7/2017,13218,107,136,136,131,510,71.23,56
2/7/2017,13108,127,106,150,127,510,71.23,57
2/7/2017,13091,98,134,153,125,510,71.23,58
2/7/2017,13078,96,124,157,132,509,71.09,59
2/7/2017,13407,71,126,160,135,492,70.69,60
2/7/2017,13889,89,119,160,138,506,70.67,61
2/7/2017,12021,115,98,156,135,504,70.39,62
2/7/2017,12211,112,119,136,132,499,69.69,63
2/7/2017,12219,134,109,123,131,497,69.41,64
2/7/2017,12217,143,120,111,120,494,68.99,65
2/7/2017,13430,79,116,140,145,480,68.97,66
2/7/2017,12213,130,98,149,116,493,68.85,67
2/7/2017,13332,98,91,151,152,492,68.72,68
2/7/2017,13514,93,101,147,137,478,68.68,69
2/7/2017,13004,135,88,118,150,491,68.58,70
2/7/2017,12212,144,103,115,129,491,68.58,71
2/7/2017,13637,80,126,138,146,490,68.44,72
2/7/2017,13300,89,101,155,145,490,68.44,73
2/7/2017,13241,74,101,167,147,489,68.30,74
2/7/2017,13099,103,137,127,122,489,68.30,75
2/7/2017,12216,112,126,133,117,488,68.16,76
2/7/2017,13423,77,100,141,156,474,68.10,77
2/7/2017,13484,53,118,157,146,474,68.10,78
2/7/2017,12206,113,84,145,145,487,68.02,79
2/7/2017,13489,65,98,150,160,473,67.96,80
2/7/2017,14006,99,122,122,141,484,67.60,81
2/7/2017,13036,136,112,120,116,484,67.60,82
2/7/2017,13412,82,123,140,125,470,67.53,83
2/7/2017,13277,74,122,141,146,483,67.46,84
2/7/2017,12233,123,74,151,135,483,67.46,85
2/7/2017,12237,97,119,130,133,479,66.90,86
2/7/2017,13271,101,101,130,145,477,66.62,87
2/7/2017,19002,109,122,110,135,476,66.48,88
2/7/2017,13678,103,101,152,120,476,66.48,89
2/7/2017,13464,63,114,145,140,462,66.38,90
2/7/2017,12203,115,109,128,123,475,66.34,91
2/7/2017,13682,110,98,133,133,474,66.20,92
2/7/2017,12020,126,104,121,121,472,65.92,93
2/7/2017,13037,94,132,131,115,472,65.92,94
2/7/2017,13609,84,116,135,136,471,65.78,95
2/7/2017,12214,88,103,145,135,471,65.78,96
2/7/2017,12230,88,108,139,135,470,65.64,97
2/7/2017,13835,110,81,128,150,469,65.50,98
2/7/2017,13098,80,119,138,132,469,65.50,99
2/7/2017,12706,92,118,138,121,469,65.50,100
2/7/2017,13465,64,116,132,143,455,65.37,101
2/7/2017,13472,92,120,123,118,453,65.09,102
2/7/2017,13219,76,97,138,155,466,65.08,103
2/7/2017,13073,75,113,139,139,466,65.08,104
2/7/2017,12022,98,87,138,141,464,64.80,105
2/7/2017,13452,63,128,140,120,451,64.80,106
2/7/2017,13060,102,129,129,103,463,64.66,107
2/7/2017,13611,104,97,142,119,462,64.53,108
2/7/2017,12004,102,72,151,136,461,64.39,109
2/7/2017,13276,93,113,120,135,461,64.39,110
2/7/2017,13515,80,105,140,123,448,64.37,111
2/7/2017,13847,47,128,156,129,460,64.25,112
2/7/2017,13326,92,107,110,150,459,64.11,113
2/7/2017,12223,104,85,130,140,459,64.11,114
2/7/2017,14003,72,114,147,126,459,64.11,115
2/7/2017,13334,95,143,106,115,459,64.11,116
2/7/2017,13215,104,127,101,126,458,63.97,117
2/7/2017,13421,79,101,125,140,445,63.94,118
2/7/2017,12210,115,95,103,144,457,63.83,119
2/7/2017,13525,76,107,131,130,444,63.79,120
2/7/2017,13461,61,101,145,135,442,63.51,121
2/7/2017,13603,69,99,149,137,454,63.41,122
2/7/2017,13256,31,152,136,135,454,63.41,123
2/7/2017,13249,97,122,134,100,453,63.27,124
2/7/2017,13285,71,120,110,151,452,63.13,125
2/7/2017,13420,60,83,155,141,439,63.07,126
2/7/2017,13496,117,131,106,85,439,63.07,127
2/7/2017,13203,55,126,124,145,450,62.85,128
2/7/2017,13248,91,102,117,140,450,62.85,129
2/7/2017,12220,100,90,122,138,450,62.85,130
2/7/2017,12207,96,104,113,137,450,62.85,131
2/7/2017,12218,84,91,141,134,450,62.85,132
2/7/2017,14001,92,134,99,125,450,62.85,133
2/7/2017,13299,101,111,131,106,449,62.71,134
2/7/2017,13095,51,109,145,131,436,62.64,135
2/7/2017,13029,70,132,111,135,448,62.57,136
2/7/2017,12222,112,82,134,120,448,62.57,137
2/7/2017,13123,79,121,120,127,447,62.43,138
2/7/2017,12712,72,104,135,132,443,61.87,139
2/7/2017,13691,96,92,148,107,443,61.87,140
2/7/2017,12229,113,78,131,119,441,61.59,141
2/7/2017,13500,92,108,96,132,428,61.49,142
2/7/2017,13654,62,92,135,150,439,61.31,143
2/7/2017,13439,84,105,140,110,439,61.31,144
2/7/2017,13663,53,89,145,151,438,61.17,145
2/7/2017,13486,57,101,136,130,424,60.92,146
2/7/2017,13653,84,86,122,143,435,60.75,147
2/7/2017,13833,95,122,98,119,434,60.61,148
2/7/2017,12240,71,99,149,115,434,60.61,149
2/7/2017,12008,69,89,135,140,433,60.47,150
2/7/2017,13272,66,118,114,135,433,60.47,151
2/7/2017,12225,52,112,142,126,432,60.34,152
2/7/2017,13116,65,84,132,150,431,60.20,153
2/7/2017,12231,95,78,116,142,431,60.20,154
2/7/2017,13445,64,89,155,111,419,60.20,155
2/7/2017,13511,80,78,130,130,418,60.06,156
2/7/2017,13263,72,117,105,135,429,59.92,157
2/7/2017,13449,77,75,125,140,417,59.91,158
2/7/2017,13415,64,89,131,131,415,59.63,159
2/7/2017,13607,52,85,156,133,426,59.50,160
2/7/2017,13085,58,99,133,135,425,59.36,161
2/7/2017,13666,101,90,122,112,425,59.36,162
2/7/2017,13442,82,104,111,116,413,59.34,163
2/7/2017,13057,54,93,151,125,423,59.08,164
2/7/2017,13008,47,101,146,127,421,58.80,165
2/7/2017,12236,94,107,99,120,420,58.66,166
2/7/2017,12708,111,78,99,131,419,58.52,167
2/7/2017,12173,56,112,136,115,419,58.52,168
2/7/2017,13655,78,87,123,130,418,58.38,169
2/7/2017,13080,48,109,135,126,418,58.38,170
2/7/2017,13640,97,77,102,141,417,58.24,171
2/7/2017,12226,47,104,133,133,417,58.24,172
2/7/2017,13253,59,73,158,127,417,58.24,173
2/7/2017,13110,25,122,126,141,414,57.82,175
2/7/2017,13830,85,101,95,131,412,57.54,176
2/7/2017,13409,52,93,110,145,400,57.47,177
2/7/2017,13047,62,99,117,133,411,57.40,178
2/7/2017,12061,67,96,123,125,411,57.40,179
2/7/2017,12228,58,104,120,127,409,57.12,180
2/7/2017,13039,60,98,126,125,409,57.12,181
2/7/2017,13224,69,99,119,122,409,57.12,182
2/7/2017,13404,41,95,131,129,396,56.90,183
2/7/2017,13405,63,82,125,125,395,56.75,184
2/7/2017,12121,132,67,107,100,406,56.70,185
2/7/2017,13251,75,88,106,135,404,56.42,186
2/7/2017,13697,73,93,105,133,404,56.42,187
2/7/2017,13440,48,104,110,130,392,56.32,188
2/7/2017,13250,59,97,122,125,403,56.28,189
2/7/2017,12715,71,104,106,122,403,56.28,190
2/7/2017,13466,43,58,140,150,391,56.18,191
2/7/2017,13499,76,72,129,114,391,56.18,192
2/7/2017,13013,83,95,109,115,402,56.15,193
2/7/2017,13246,71,87,116,127,401,56.01,194
2/7/2017,13479,62,83,122,122,389,55.89,195
2/7/2017,13252,41,124,103,130,398,55.59,196
2/7/2017,13485,52,98,126,110,386,55.46,197
2/7/2017,13435,63,92,94,136,385,55.32,198
2/7/2017,13327,67,76,111,141,395,55.17,199
2/7/2017,13072,87,78,123,107,395,55.17,200
2/7/2017,13639,46,103,96,138,383,55.03,201
2/7/2017,12714,90,80,117,107,394,55.03,202
2/7/2017,12248,82,101,107,104,394,55.03,203
2/7/2017,13490,42,63,131,145,381,54.74,204
2/7/2017,13278,60,100,95,136,391,54.61,205
2/7/2017,12255,72,71,131,117,391,54.61,206
2/7/2017,13516,84,89,108,99,380,54.60,207
2/7/2017,12724,105,93,87,105,390,54.47,208
2/7/2017,13089,48,101,108,132,389,54.33,209
2/7/2017,13238,41,102,122,122,387,54.05,210
2/7/2017,13419,71,78,86,140,375,53.88,211
2/7/2017,13220,32,93,118,142,385,53.77,212
2/7/2017,13294,60,61,117,146,384,53.63,213
2/7/2017,13082,39,88,124,132,383,53.49,214
2/7/2017,13644,60,92,101,130,383,53.49,215
2/7/2017,13483,112,92,97,71,372,53.45,216
2/7/2017,13245,54,82,111,135,382,53.35,217
2/7/2017,12221,83,58,116,125,382,53.35,218
2/7/2017,12723,79,110,98,95,382,53.35,219
2/7/2017,13301,106,94,109,73,382,53.35,220
2/7/2017,13223,106,47,87,141,381,53.21,221
2/7/2017,13414,56,91,104,118,369,53.02,222
2/7/2017,13281,46,66,142,125,379,52.93,223
2/7/2017,13202,45,81,129,124,379,52.93,224
2/7/2017,13495,76,50,121,121,368,52.87,225
2/7/2017,13296,56,82,102,137,377,52.65,226
2/7/2017,13696,29,76,145,127,377,52.65,227
2/7/2017,13646,78,62,127,110,377,52.65,228
2/7/2017,13214,59,113,95,110,377,52.65,229
2/7/2017,13106,34,81,120,141,376,52.51,230
2/7/2017,13112,64,83,92,137,376,52.51,231
2/7/2017,12242,80,90,87,119,376,52.51,232
2/7/2017,12241,53,82,98,142,375,52.37,233
2/7/2017,13480,65,96,104,99,364,52.30,234
2/7/2017,13634,110,96,78,78,362,52.01,235
2/7/2017,13478,64,102,122,73,361,51.87,236
2/7/2017,13675,100,93,56,122,371,51.82,237
2/7/2017,13519,31,98,111,120,360,51.72,238
2/7/2017,12247,50,78,116,125,369,51.54,239
2/7/2017,13307,61,81,99,127,368,51.40,240
2/7/2017,13509,55,73,117,112,357,51.29,241
2/7/2017,13832,43,97,110,117,367,51.26,242
2/7/2017,12239,98,73,86,110,367,51.26,243
2/7/2017,13211,57,61,116,131,365,50.98,244
2/7/2017,13291,33,96,122,112,363,50.70,245
2/7/2017,13645,67,81,108,106,362,50.56,246
2/7/2017,12238,23,71,140,127,361,50.42,247
2/7/2017,13286,50,102,101,108,361,50.42,248
2/7/2017,12050,40,111,127,83,361,50.42,249
2/7/2017,12720,28,74,111,145,358,50.00,250
2/7/2017,13077,49,78,96,135,358,50.00,251
2/7/2017,13602,69,61,125,103,358,50.00,252
2/7/2017,12244,30,83,124,120,357,49.86,253
2/7/2017,14004,-1,121,133,104,357,49.86,254
2/7/2017,12716,44,117,89,102,352,49.16,255
2/7/2017,13455,49,58,115,120,342,49.14,256
2/7/2017,12026,55,80,111,105,351,49.02,257
2/7/2017,13117,85,83,84,99,351,49.02,258
2/7/2017,13862,57,97,89,107,350,48.88,259
2/7/2017,13333,21,75,131,122,349,48.74,260
2/7/2017,14007,37,82,129,101,349,48.74,261
2/7/2017,13503,85,68,59,126,338,48.56,262
2/7/2017,12235,53,68,106,120,347,48.46,263
2/7/2017,12243,59,87,93,108,347,48.46,264
2/7/2017,13069,30,103,106,107,346,48.32,265
2/7/2017,13688,48,81,114,102,345,48.18,266
2/7/2017,13240,41,76,131,97,345,48.18,267
2/7/2017,13436,43,51,126,113,333,47.84,268
2/7/2017,13279,41,98,81,122,342,47.77,269
2/7/2017,12137,84,85,60,113,342,47.77,270
2/7/2017,13118,71,68,74,128,341,47.63,271
2/7/2017,13471,37,82,106,106,331,47.56,272
2/7/2017,13034,25,83,121,111,340,47.49,273
2/7/2017,13012,28,82,127,103,340,47.49,274
2/7/2017,13695,49,90,101,99,339,47.35,275
2/7/2017,13022,64,93,103,79,339,47.35,276
2/7/2017,13630,21,73,118,126,338,47.21,277
2/7/2017,12015,105,68,63,102,338,47.21,278
2/7/2017,12009,32,83,107,113,335,46.79,279
2/7/2017,13026,66,85,74,109,334,46.65,280
2/7/2017,13233,28,72,117,116,333,46.51,281
2/7/2017,12651,26,61,131,115,333,46.51,282
2/7/2017,12251,60,59,100,114,333,46.51,283
2/7/2017,13222,21,112,67,131,331,46.23,284
2/7/2017,13473,37,92,88,104,321,46.12,285
2/7/2017,13704,26,111,74,119,330,46.09,286
2/7/2017,12232,43,81,96,110,330,46.09,287
2/7/2017,13260,48,95,71,115,329,45.95,288
2/7/2017,13628,42,83,93,111,329,45.95,289
2/7/2017,12006,32,90,108,99,329,45.95,290
2/7/2017,13522,75,74,115,55,319,45.83,291
2/7/2017,13468,66,104,76,71,317,45.55,292
2/7/2017,13834,26,96,86,118,326,45.53,293
2/7/2017,13631,65,80,104,77,326,45.53,294
2/7/2017,13068,72,80,53,120,325,45.39,295
2/7/2017,13210,82,24,103,116,325,45.39,296
2/7/2017,13450,45,30,103,137,315,45.26,297
2/7/2017,13410,22,58,122,113,315,45.26,298
2/7/2017,13257,29,86,90,119,324,45.25,299
2/7/2017,13213,39,69,93,122,323,45.11,300
2/7/2017,13672,29,106,73,115,323,45.11,301
2/7/2017,13438,52,60,117,85,314,45.11,302
2/7/2017,13236,35,76,100,110,321,44.83,303
2/7/2017,13330,50,79,92,100,321,44.83,304
2/7/2017,12618,63,70,92,96,321,44.83,305
2/7/2017,13689,86,39,74,121,320,44.69,306
2/7/2017,13109,23,80,99,118,320,44.69,307
2/7/2017,12072,68,106,97,48,319,44.55,308
2/7/2017,13422,50,48,120,92,310,44.54,309
2/7/2017,13088,53,93,87,85,318,44.41,310
2/7/2017,13221,11,72,92,141,316,44.13,311
2/7/2017,12159,68,71,77,100,316,44.13,312
2/7/2017,13424,56,32,106,113,307,44.11,313
2/7/2017,13417,45,42,104,112,303,43.53,314
2/7/2017,13506,20,76,120,87,303,43.53,315
2/7/2017,13205,31,64,93,123,311,43.44,316
2/7/2017,12002,79,92,46,94,311,43.44,317
2/7/2017,13650,41,38,100,130,309,43.16,318
2/7/2017,13096,39,83,67,120,309,43.16,319
2/7/2017,13115,42,85,85,97,309,43.16,320
2/7/2017,13075,41,87,79,101,308,43.02,321
2/7/2017,12033,73,72,74,89,308,43.02,322
2/7/2017,13510,35,84,96,84,299,42.96,323
2/7/2017,13623,16,64,118,109,307,42.88,324
2/7/2017,13469,26,60,98,114,298,42.82,325
2/7/2017,13306,28,99,54,125,306,42.74,327
2/7/2017,13601,55,33,107,111,306,42.74,328
2/7/2017,13019,46,49,102,108,305,42.60,329
2/7/2017,13103,44,53,88,119,304,42.46,330
2/7/2017,13020,40,69,104,91,304,42.46,331
2/7/2017,13470,53,22,98,121,294,42.24,332
2/7/2017,13059,40,86,68,107,301,42.04,333
2/7/2017,13101,34,50,100,116,300,41.90,334
2/7/2017,12117,11,71,122,96,300,41.90,335
2/7/2017,13280,31,81,107,81,300,41.90,336
2/7/2017,13508,45,57,77,111,290,41.67,337
2/7/2017,13267,59,7,117,115,298,41.62,338
2/7/2017,13604,63,55,73,107,298,41.62,339
2/7/2017,12738,45,72,63,117,297,41.48,340
2/7/2017,13493,55,56,76,101,288,41.38,341
2/7/2017,13293,59,63,57,117,296,41.34,342
2/7/2017,14002,8,95,82,111,296,41.34,343
2/7/2017,12246,36,81,78,101,296,41.34,344
2/7/2017,13011,19,76,96,104,295,41.20,345
2/7/2017,13475,34,47,95,108,284,40.80,346
2/7/2017,13102,48,49,97,98,292,40.78,347
2/7/2017,13676,38,67,90,97,292,40.78,348
2/7/2017,13426,28,96,62,97,283,40.66,349
2/7/2017,13521,39,79,73,92,283,40.66,350
2/7/2017,13006,36,68,99,88,291,40.64,351
2/7/2017,13264,54,65,95,75,289,40.36,352
2/7/2017,13447,11,53,91,121,276,39.66,353
2/7/2017,12745,12,78,91,102,283,39.53,354
2/7/2017,13212,36,41,72,133,282,39.39,355
2/7/2017,12014,41,83,63,94,281,39.25,356
2/7/2017,13619,27,0,107,146,280,39.11,357
2/7/2017,13284,43,42,76,118,279,38.97,358
2/7/2017,13313,40,21,90,127,278,38.83,359
2/7/2017,13227,26,58,71,123,278,38.83,360
2/7/2017,13642,46,48,79,104,277,38.69,361
2/7/2017,13859,30,70,79,98,277,38.69,362
2/7/2017,13051,67,4,93,111,275,38.41,363
2/7/2017,13207,50,53,69,103,275,38.41,364
2/7/2017,13411,48,37,82,100,267,38.36,365
2/7/2017,13625,26,29,102,117,274,38.27,366
2/7/2017,12642,43,62,67,101,273,38.13,367
2/7/2017,13107,32,68,77,96,273,38.13,368
2/7/2017,13206,20,75,92,86,273,38.13,369
2/7/2017,13288,27,74,74,97,272,37.99,370
2/7/2017,13314,48,53,74,97,272,37.99,371
2/7/2017,13242,33,60,59,119,271,37.85,372
2/7/2017,13643,57,62,76,76,271,37.85,373
2/7/2017,13303,47,52,70,101,270,37.71,374
2/7/2017,13005,102,30,39,99,270,37.71,375
2/7/2017,13635,27,51,90,101,269,37.57,376
2/7/2017,13406,50,84,47,79,260,37.36,377
2/7/2017,13518,68,54,66,72,260,37.36,378
2/7/2017,12652,22,35,102,106,265,37.01,379
2/7/2017,13502,45,55,78,78,256,36.78,380
2/7/2017,13262,17,40,100,106,263,36.73,381
2/7/2017,13044,32,69,100,62,263,36.73,382
2/7/2017,13819,43,64,49,106,262,36.59,383
2/7/2017,13453,39,67,78,70,254,36.49,384
2/7/2017,13319,2,53,78,128,261,36.45,385
2/7/2017,13668,41,40,78,101,260,36.31,386
2/7/2017,13066,48,55,69,87,259,36.17,387
2/7/2017,12161,59,68,51,81,259,36.17,388
2/7/2017,13494,49,78,64,60,251,36.06,389
2/7/2017,13681,47,50,71,89,257,35.89,390
2/7/2017,13254,10,62,59,125,256,35.75,391
2/7/2017,13437,59,56,67,66,248,35.63,392
2/7/2017,13010,46,44,59,106,255,35.61,393
2/7/2017,13042,22,67,88,77,254,35.47,394
2/7/2017,13003,20,54,108,72,254,35.47,395
2/7/2017,13100,8,59,74,112,253,35.34,396
2/7/2017,13230,34,28,80,111,253,35.34,397
2/7/2017,13698,21,53,70,109,253,35.34,398
2/7/2017,13062,16,73,67,97,253,35.34,399
2/7/2017,19004,7,38,102,105,252,35.20,400
2/7/2017,12103,57,89,2,103,251,35.06,401
2/7/2017,13627,15,62,91,82,250,34.92,402
2/7/2017,13292,21,47,70,111,249,34.78,403
2/7/2017,13086,31,93,67,58,249,34.78,404
2/7/2017,13487,42,36,77,86,241,34.63,405
2/7/2017,13656,25,39,79,104,247,34.50,406
2/7/2017,13686,0,47,86,110,243,33.94,407
2/7/2017,13113,-9,63,100,86,240,33.52,408
2/7/2017,13275,62,39,40,98,239,33.38,409
2/7/2017,13053,22,54,62,100,238,33.24,410
2/7/2017,13002,49,48,52,89,238,33.24,411
2/7/2017,13474,43,26,71,90,230,33.05,412
2/7/2017,13690,32,21,101,82,236,32.96,413
2/7/2017,13641,28,32,48,127,235,32.82,414
2/7/2017,13261,14,46,79,95,234,32.68,415
2/7/2017,13234,43,26,34,126,229,31.98,416
2/7/2017,13001,46,48,62,73,229,31.98,417
2/7/2017,13648,7,57,74,88,226,31.56,418
2/7/2017,13121,10,46,59,110,225,31.42,419
2/7/2017,13428,50,25,58,85,218,31.32,420
2/7/2017,13024,37,8,84,95,224,31.28,421
2/7/2017,13031,27,57,124,16,224,31.28,422
2/7/2017,13323,8,34,68,113,223,31.15,423
2/7/2017,13512,29,49,77,61,216,31.03,424
2/7/2017,13204,40,22,78,82,222,31.01,425
2/7/2017,13703,18,77,22,104,221,30.87,426
2/7/2017,13463,13,36,70,95,214,30.75,427
2/7/2017,13033,60,36,52,72,220,30.73,428
2/7/2017,13063,24,69,49,70,212,30.46,429
2/7/2017,13015,31,57,92,38,218,30.45,430
2/7/2017,13481,39,41,53,75,208,29.89,431
2/7/2017,13482,27,30,81,70,208,29.89,432
2/7/2017,13235,30,27,67,88,212,29.61,433
2/7/2017,13018,25,41,65,80,211,29.47,434
2/7/2017,13416,19,27,61,98,205,29.45,435
2/7/2017,13266,23,40,63,81,207,28.91,436
2/7/2017,13617,18,32,86,71,207,28.91,437
2/7/2017,13685,16,41,63,86,206,28.77,438
2/7/2017,13629,44,23,62,77,206,28.77,439
2/7/2017,13016,13,20,108,65,206,28.77,440
2/7/2017,12012,43,98,33,31,205,28.63,441
2/7/2017,13658,29,11,52,112,204,28.49,442
2/7/2017,13104,2,46,58,97,203,28.35,443
2/7/2017,13448,21,60,59,57,197,28.30,444
2/7/2017,13025,39,50,48,65,202,28.21,445
2/7/2017,13462,31,36,72,55,194,27.87,446
2/7/2017,13816,42,17,40,100,199,27.79,447
2/7/2017,13067,36,28,49,85,198,27.65,448
2/7/2017,13467,6,54,67,64,191,27.44,449
2/7/2017,13622,57,29,43,66,195,27.23,450
2/7/2017,13615,46,19,44,85,194,27.09,451
2/7/2017,13043,39,77,26,51,193,26.96,452
2/7/2017,13458,32,32,57,66,187,26.87,453
2/7/2017,13501,3,39,61,82,185,26.58,454
2/7/2017,13040,29,37,46,78,190,26.54,455
2/7/2017,13216,29,16,83,62,190,26.54,456
2/7/2017,13097,9,37,66,76,188,26.26,457
2/7/2017,13605,25,12,70,79,186,25.98,458
2/7/2017,13055,10,37,48,90,185,25.84,459
2/7/2017,13460,-2,36,68,77,179,25.72,460
2/7/2017,19003,6,26,48,103,183,25.56,461
2/7/2017,13041,26,64,18,74,182,25.42,462
2/7/2017,13061,35,46,42,58,181,25.28,463
2/7/2017,13673,24,32,51,72,179,25.00,464
2/7/2017,13433,10,39,44,76,169,24.28,465
2/7/2017,12105,24,29,62,58,173,24.16,466
2/7/2017,13056,41,31,62,39,173,24.16,467
2/7/2017,13665,24,37,41,70,172,24.02,468
2/7/2017,13225,39,40,39,54,172,24.02,469
2/7/2017,13694,25,39,36,69,169,23.60,470
2/7/2017,13693,47,22,26,73,168,23.46,471
2/7/2017,13620,9,28,61,64,162,22.63,472
2/7/2017,13711,12,43,49,54,158,22.07,473
2/7/2017,13684,15,6,40,96,157,21.93,474
2/7/2017,13664,57,27,36,36,156,21.79,475
2/7/2017,13270,-1,34,48,74,155,21.65,476
2/7/2017,13232,-1,48,37,70,154,21.51,477
2/7/2017,13616,6,32,56,58,152,21.23,478
2/7/2017,13662,12,52,23,60,147,20.53,479
2/7/2017,13610,22,19,41,60,142,20.40,480
2/7/2017,13283,16,30,26,71,143,19.97,481
2/7/2017,13079,13,49,32,49,143,19.97,482
2/7/2017,13229,5,31,49,57,142,19.83,483
2/7/2017,13111,17,21,48,53,139,19.41,484
2/7/2017,13854,-1,13,46,80,138,19.27,485
2/7/2017,13007,23,5,59,51,138,19.27,486
2/7/2017,13476,-2,23,62,51,134,19.25,487
2/7/2017,13302,10,57,29,41,137,19.13,488
2/7/2017,13606,27,26,3,72,128,17.88,489
2/7/2017,13310,18,26,15,68,127,17.74,490
2/7/2017,13608,5,25,40,53,123,17.18,491
2/7/2017,13679,11,17,41,53,122,17.04,492
2/7/2017,13228,6,26,27,61,120,16.76,493
2/7/2017,13669,4,17,41,58,120,16.76,494
2/7/2017,13331,11,27,47,33,118,16.48,495
2/7/2017,13855,5,25,56,29,115,16.06,496
2/7/2017,13687,54,2,26,29,111,15.50,497
2/7/2017,13706,15,48,22,24,109,15.22,498
2/7/2017,13614,14,14,16,59,103,14.39,499
2/7/2017,13087,18,26,29,30,103,14.39,500
2/7/2017,13329,8,30,38,27,103,14.39,501
2/7/2017,13328,20,27,3,51,101,14.11,502
2/7/2017,13710,25,21,29,26,101,14.11,503
2/7/2017,13243,8,23,24,37,92,12.85,504
2/7/2017,13208,-9,24,21,55,91,12.71,505
2/7/2017,13709,-2,1,29,62,90,12.57,506
2/7/2017,13683,11,13,25,36,85,11.87,507
2/7/2017,13035,17,10,23,32,82,11.45,508
2/7/2017,13429,18,5,31,18,72,10.34,509
2/7/2017,13315,-5,4,5,56,60,8.38,510
2/7/2017,13707,21,8,12,16,57,7.96,511
2/7/2017,13065,A,A,A,A,0,0.00,-
2/7/2017,13023,A,A,A,A,0,0.00,-
2/7/2017,13076,A,A,A,A,0,0.00,-
2/7/2017,13046,A,A,A,A,0,0.00,-
2/7/2017,13071,A,A,A,A,0,0.00,-
2/7/2017,13093,A,A,A,A,0,0.00,-
2/7/2017,13052,A,A,A,A,0,0.00,-
2/7/2017,13009,A,A,A,A,0,0.00,-
2/7/2017,13017,A,A,A,A,0,0.00,-
2/7/2017,13050,A,A,A,A,0,0.00,-
2/7/2017,13049,A,A,A,A,0,0.00,-
2/7/2017,13038,A,A,A,A,0,0.00,-
2/7/2017,13021,A,A,A,A,0,0.00,-
2/7/2017,13045,A,A,A,A,0,0.00,-
2/7/2017,13032,A,A,A,A,0,0.00,-
2/7/2017,13058,A,A,A,A,0,0.00,-
2/7/2017,13054,A,A,A,A,0,0.00,-
2/7/2017,13064,A,A,A,A,0,0.00,-
2/7/2017,13287,A,A,A,A,0,0.00,-
2/7/2017,13297,A,A,A,A,0,0.00,-
2/7/2017,13321,A,A,A,A,0,0.00,-
2/7/2017,13201,A,A,A,A,0,0.00,-
2/7/2017,13237,A,A,A,A,0,0.00,-
2/7/2017,13273,A,A,A,A,0,0.00,-
2/7/2017,13226,A,A,A,A,0,0.00,-
2/7/2017,13258,A,A,A,A,0,0.00,-
2/7/2017,13268,A,A,A,A,0,0.00,-
2/7/2017,13231,A,A,A,A,0,0.00,-
2/7/2017,13209,A,A,A,A,0,0.00,-
2/7/2017,13282,A,A,A,A,0,0.00,-
2/7/2017,13304,A,A,A,A,0,0.00,-
2/7/2017,13255,A,A,A,A,0,0.00,-
2/7/2017,13308,A,A,A,A,0,0.00,-
2/7/2017,13324,A,A,A,A,0,0.00,-
2/7/2017,13269,A,A,A,A,0,0.00,-
2/7/2017,13325,A,A,A,A,0,0.00,-
2/7/2017,13244,A,A,A,A,0,0.00,-
2/7/2017,13497,A,A,A,A,0,0.00,-
2/7/2017,13492,A,A,A,A,0,0.00,-
2/7/2017,13425,A,A,A,A,0,0.00,-
2/7/2017,13526,A,A,A,A,0,0.00,-
2/7/2017,13477,A,A,A,A,0,0.00,-
2/7/2017,13413,A,A,A,A,0,0.00,-
2/7/2017,13491,A,A,A,A,0,0.00,-
2/7/2017,13441,A,A,A,A,0,0.00,-
2/7/2017,13446,A,A,A,A,0,0.00,-
2/7/2017,13488,A,A,A,A,0,0.00,-
2/7/2017,13498,A,A,A,A,0,0.00,-
2/7/2017,13459,A,A,A,A,0,0.00,-
2/7/2017,13443,A,A,A,A,0,0.00,-
2/7/2017,13408,A,A,A,A,0,0.00,-
2/7/2017,13507,A,A,A,A,0,0.00,-
2/7/2017,13456,A,A,A,A,0,0.00,-
2/7/2017,13504,A,A,A,A,0,0.00,-
2/7/2017,13520,A,A,A,A,0,0.00,-
2/7/2017,13401,A,A,A,A,0,0.00,-
2/7/2017,13517,A,A,A,A,0,0.00,-
2/7/2017,13805,A,A,A,A,0,0.00,-
2/7/2017,13667,A,A,A,A,0,0.00,-
2/7/2017,13649,A,A,A,A,0,0.00,-
2/7/2017,13647,A,A,A,A,0,0.00,-
2/7/2017,13652,A,A,A,A,0,0.00,-
2/7/2017,13801,A,A,A,A,0,0.00,-
2/7/2017,13626,A,A,A,A,0,0.00,-
2/7/2017,13633,A,A,A,A,0,0.00,-
2/7/2017,13638,A,A,A,A,0,0.00,-
2/7/2017,13811,A,A,A,A,0,0.00,-
2/7/2017,13612,A,A,A,A,0,0.00,-
2/7/2017,13651,A,A,A,A,0,0.00,-
2/7/2017,13636,A,A,A,A,0,0.00,-
2/7/2017,13618,A,A,A,A,0,0.00,-
2/7/2017,13657,A,A,A,A,0,0.00,-
2/7/2017,13624,A,A,A,A,0,0.00,-
2/7/2017,13613,A,A,A,A,0,0.00,-
2/7/2017,13632,A,A,A,A,0,0.00,-
2/7/2017,13621,A,A,A,A,0,0.00,-
